    ,,,
    Place Value Concepts,Understand Place Value,4th grade,Florida
    Place Value Concepts,Place Value Patterns,4th grade,Florida
    Place Value Concepts,Read and Write Multi‑Digit Numbers,4th grade,Florida
    Place Value Concepts,Compare Multi‑Digit Numbers Using Place Value,4th grade,Florida
    Place Value Concepts,Compare Multi‑Digit Numbers Using a Number Line,4th grade,Florida
    Place Value Concepts,Round Numbers,4th grade,Florida
    Multiply by One‑Digit Numbers,Multiply Facts and Equations,4th grade,Florida
    Multiply by One‑Digit Numbers,Understand Multiplicative Comparisons,4th grade,Florida
    Multiply by One‑Digit Numbers,"Multiply Tens, Hundreds, and Thousands",4th grade,Florida
    Multiply by One‑Digit Numbers,Estimate Products by Rounding,4th grade,Florida
    Multiply by One‑Digit Numbers,Use the Distributive Property to Multiply,4th grade,Florida
    Multiply by One‑Digit Numbers,Use Partial Products to Multiply,4th grade,Florida
    Multiply by One‑Digit Numbers,Multiply Two‑Digit Numbers by One‑Digit Numbers,4th grade,Florida
    Multiply by One‑Digit Numbers,Multiply Three‑Digit Numbers by One‑Digit Numbers,4th grade,Florida
    Multiply by One‑Digit Numbers,Use Properties to Multiply,4th grade,Florida
    Multiply by One‑Digit Numbers,Problem Solving: Multiplication,4th grade,Florida
    Multiply by Two‑Digit Numbers,Multiply by Tens,4th grade,Florida
    Multiply by Two‑Digit Numbers,Estimate Products,4th grade,Florida
    Multiply by Two‑Digit Numbers,Use Area Models to Multiply Two‑Digit Numbers,4th grade,Florida
    Multiply by Two‑Digit Numbers,Use the Distributive Property to Multiply Two‑Digit Numbers,4th grade,Florida
    Multiply by Two‑Digit Numbers,Use Partial Products to Multiply Two‑Digit Numbers,4th grade,Florida
    Multiply by Two‑Digit Numbers,Multiply Two‑Digit Numbers,4th grade,Florida
    Multiply by Two‑Digit Numbers,Multiply Three‑Digit Numbers by Two‑Digit Numbers,4th grade,Florida
    Multiply by Two‑Digit Numbers,Practice Multiplication Strategies,4th grade,Florida
    Multiply by Two‑Digit Numbers,Problem Solving: Multiplication with Two‑Digit Numbers,4th grade,Florida
    Divide Multi‑Digit Numbers by One‑Digit Numbers,Division Facts and Equations,4th grade,Florida
    Divide Multi‑Digit Numbers by One‑Digit Numbers,"Divide Tens, Hundreds, and Thousands",4th grade,Florida
    Divide Multi‑Digit Numbers by One‑Digit Numbers,Estimate Quotients,4th grade,Florida
    Divide Multi‑Digit Numbers by One‑Digit Numbers,Understand Division and Remainders,4th grade,Florida
    Divide Multi‑Digit Numbers by One‑Digit Numbers,Use Partial Quotients,4th grade,Florida
    Divide Multi‑Digit Numbers by One‑Digit Numbers,Use Partial Quotients with a Remainder,4th grade,Florida
    Divide Multi‑Digit Numbers by One‑Digit Numbers,Divide Two‑Digit Numbers by One‑Digit Numbers,4th grade,Florida
    Divide Multi‑Digit Numbers by One‑Digit Numbers,Divide Multi‑Digit Numbers by One‑Digit Numbers,4th grade,Florida
    Divide Multi‑Digit Numbers by One‑Digit Numbers,Divide by One‑Digit Numbers,4th grade,Florida
    Divide Multi‑Digit Numbers by One‑Digit Numbers,Problem Solving: Division,4th grade,Florida
    " Factors, Multiples, and Patterns",Understand Factors,4th grade,Florida
    " Factors, Multiples, and Patterns",Factors and Divisibility,4th grade,Florida
    " Factors, Multiples, and Patterns",Relate Factors and Multiples,4th grade,Florida
    " Factors, Multiples, and Patterns",Identify Prime and Composite Numbers,4th grade,Florida
    " Factors, Multiples, and Patterns",Number Patterns,4th grade,Florida
    Understand Fraction Equivalence and Comparison,Model Equivalent Fractions,4th grade,Florida
    Understand Fraction Equivalence and Comparison,Generate Equivalent Fractions by Multiplying,4th grade,Florida
    Understand Fraction Equivalence and Comparison,Generate Equivalent Fractions by Dividing,4th grade,Florida
    Understand Fraction Equivalence and Comparison,Compare Fractions Using Benchmarks,4th grade,Florida
    Understand Fraction Equivalence and Comparison,Compare Fractions,4th grade,Florida
    Add and Subtract Fractions,Use Models to Add Fractions,4th grade,Florida
    Add and Subtract Fractions,Decompose Fractions,4th grade,Florida
    Add and Subtract Fractions,Add Fractions with Like Denominators,4th grade,Florida
    Add and Subtract Fractions,Use Models to Subtract Fractions,4th grade,Florida
    Add and Subtract Fractions,Subtract Fractions with Like Denominators,4th grade,Florida
    Add and Subtract Fractions,Model Fractions and Mixed Numbers,4th grade,Florida
    Add and Subtract Fractions,Add Mixed Numbers,4th grade,Florida
    Add and Subtract Fractions,Subtract Mixed Numbers,4th grade,Florida
    Add and Subtract Fractions,Problem Solving: Fractions,4th grade,Florida
    Multiply Whole Numbers and Fractions,Understand Multiples of Unit Fractions,4th grade,Florida
    Multiply Whole Numbers and Fractions,Understand Multiples of Fractions,4th grade,Florida
    Multiply Whole Numbers and Fractions,Multiply Whole Numbers and Fractions,4th grade,Florida
    Multiply Whole Numbers and Fractions,Multiply Whole Numbers and Mixed Numbers,4th grade,Florida
    Multiply Whole Numbers and Fractions,Problem Solving: Fraction Operations,4th grade,Florida
    " Relate Fractions, Decimals, and Money",Understand Tenths,4th grade,Florida
    " Relate Fractions, Decimals, and Money",Understand Hundredths,4th grade,Florida
    " Relate Fractions, Decimals, and Money",Fractions and Decimals,4th grade,Florida
    " Relate Fractions, Decimals, and Money",Compare Decimals,4th grade,Florida
    " Relate Fractions, Decimals, and Money",Add Decimal Fractions and Decimals,4th grade,Florida
    " Relate Fractions, Decimals, and Money","Fractions, Decimals, and Money",4th grade,Florida
    " Relate Fractions, Decimals, and Money",Find More or Less,4th grade,Florida
    " Relate Fractions, Decimals, and Money",Use Models to Add or Subtract Decimals,4th grade,Florida
    " Relate Fractions, Decimals, and Money",Problem Solving: Money,4th grade,Florida
    Understand Measurement Equivalence,Length in Metric Units,4th grade,Florida
    Understand Measurement Equivalence,Mass and Capacity in Metric Units,4th grade,Florida
    Understand Measurement Equivalence,Length in Customary Units,4th grade,Florida
    Understand Measurement Equivalence,Weight in Customary Units,4th grade,Florida
    Understand Measurement Equivalence,Capacity in Customary Units,4th grade,Florida
    Understand Measurement Equivalence,Measure Temperature,4th grade,Florida
    Understand Measurement Equivalence,Units of Time,4th grade,Florida
    Understand Measurement Equivalence,Problem Solving: Elapsed Time,4th grade,Florida
    Understand Measurement Equivalence,Problem Solving: Distance,4th grade,Florida
    Use Perimeter and Area Formulas,Perimeter Formula for a Rectangle,4th grade,Florida
    Use Perimeter and Area Formulas,Area Formula for a Rectangle,4th grade,Florida
    Use Perimeter and Area Formulas,Find Unknown Measures,4th grade,Florida
    Use Perimeter and Area Formulas,"Same Perimeter, Different Areas",4th grade,Florida
    Use Perimeter and Area Formulas,"Same Area, Different Perimeters",4th grade,Florida
    Use Perimeter and Area Formulas,Problem Solving: Perimeter and Area,4th grade,Florida
    Understand Angles,Identify and Draw Angles,4th grade,Florida
    Understand Angles,Understand Degrees,4th grade,Florida
    Understand Angles,Estimate Angle Measures,4th grade,Florida
    Understand Angles,Measure and Draw Angles,4th grade,Florida
    Understand Angles,Add Angle Measures,4th grade,Florida
    Understand Angles,Find Unknown Angle Measures,4th grade,Florida
    Represent and Interpret Data,"Find Median, Mode, and Range",4th grade,Florida
    Represent and Interpret Data,Read and Interpret Line Plots,4th grade,Florida
    Represent and Interpret Data,Make Line Plots,4th grade,Florida
    Represent and Interpret Data,Read and Interpret Stem‑and‑Leaf Plots,4th grade,Florida
    Represent and Interpret Data,Make Stem‑and‑Leaf Plots,4th grade,Florida
    Represent and Interpret Data,Problem Solving: Numerical Data,4th grade,Florida
    Place Value Concepts with Decimals,Decimals to Thousandths,5th grade,Florida
    Place Value Concepts with Decimals,Read and Write Decimals,5th grade,Florida
    Place Value Concepts with Decimals,Represent Decimals in Different Ways,5th grade,Florida
    Place Value Concepts with Decimals,Place Value Patterns,5th grade,Florida
    Place Value Concepts with Decimals,Compare Decimals,5th grade,Florida
    Place Value Concepts with Decimals,Round Decimals,5th grade,Florida
    Numerical Expressions,Number Properties,5th grade,Florida
    Numerical Expressions,Order of Operations,5th grade,Florida
    Numerical Expressions,Write Numerical Expressions,5th grade,Florida
    Numerical Expressions,True or False Equations,5th grade,Florida
    Add and Subtract Decimals,Estimate Sums and Differences,5th grade,Florida
    Add and Subtract Decimals,Use Models to Add or Subtract Decimals,5th grade,Florida
    Add and Subtract Decimals,Add Decimals,5th grade,Florida
    Add and Subtract Decimals,Subtract Decimals,5th grade,Florida
    Add and Subtract Decimals,Add and Subtract Decimals,5th grade,Florida
    Add and Subtract Decimals,Use Mental Math to Add or Subtract Decimals,5th grade,Florida
    Add and Subtract Decimals,Problem Solving: Money,5th grade,Florida
    Multiply Whole Numbers,Multiplication Patterns,5th grade,Florida
    Multiply Whole Numbers,Estimate Products,5th grade,Florida
    Multiply Whole Numbers,Multiply by One‑Digit Numbers,5th grade,Florida
    Multiply Whole Numbers,Multiply by Two‑Digit Numbers,5th grade,Florida
    Multiply Whole Numbers,Multiply Multi‑Digit Whole Numbers,5th grade,Florida
    Multiply Decimals,Multiplication Patterns with Decimals,5th grade,Florida
    Multiply Decimals,Estimate Products of Decimals and Whole Numbers,5th grade,Florida
    Multiply Decimals,Use Models to Multiply Decimals and Whole Numbers,5th grade,Florida
    Multiply Decimals,Multiply Decimals and Whole Numbers,5th grade,Florida
    Multiply Decimals,Use Models to Multiply Decimals,5th grade,Florida
    Multiply Decimals,Use Partial Products to Multiply Decimals,5th grade,Florida
    Multiply Decimals,Use Strategies to Multiply Decimals,5th grade,Florida
    Multiply Decimals,Multiply Decimals,5th grade,Florida
    Multiply Decimals,Problem Solving: Multiply with Money,5th grade,Florida
    Divide Whole Numbers,Relate Multiplication and Division,5th grade,Florida
    Divide Whole Numbers,Division Patterns,5th grade,Florida
    Divide Whole Numbers,Estimate Quotients,5th grade,Florida
    Divide Whole Numbers,Divide by One‑Digit Numbers,5th grade,Florida
    Divide Whole Numbers,Use Partial Quotients to Divide by Two‑Digit Numbers,5th grade,Florida
    Divide Whole Numbers,Use Partial Quotients with a Remainder,5th grade,Florida
    Divide Whole Numbers,Divide Three‑Digit Numbers by Two‑Digit Numbers,5th grade,Florida
    Divide Whole Numbers,Divide Multi‑Digit Numbers by Two‑Digit Numbers,5th grade,Florida
    Divide Whole Numbers,Problem Solving: Division,5th grade,Florida
    Divide Decimals,Division Patterns with Decimals,5th grade,Florida
    Divide Decimals,Estimate Decimal Quotients,5th grade,Florida
    Divide Decimals,Use Models to Divide Decimals by Whole Numbers,5th grade,Florida
    Divide Decimals,Divide Decimals by One‑Digit Numbers,5th grade,Florida
    Divide Decimals,Divide Decimals by Two‑Digit Numbers,5th grade,Florida
    Divide Decimals,Use Models to Divide Decimals,5th grade,Florida
    Divide Decimals,Divide Decimals,5th grade,Florida
    Divide Decimals,Insert Zeros in the Dividends,5th grade,Florida
    Divide Decimals,Problem Solving: Divide with Money,5th grade,Florida
    Add and Subtract Fractions,Estimate Sums and Differences of Fractions,5th grade,Florida
    Add and Subtract Fractions,Find Common Denominators,5th grade,Florida
    Add and Subtract Fractions,Add Fractions with Unlike Denominators,5th grade,Florida
    Add and Subtract Fractions,Subtract Fractions with Unlike Denominators,5th grade,Florida
    Add and Subtract Fractions,Add Mixed Numbers,5th grade,Florida
    Add and Subtract Fractions,Subtract Mixed Numbers,5th grade,Florida
    Add and Subtract Fractions,Problem Solving: Fractions,5th grade,Florida
    Multiply Fractions,Multiply Fractions and Whole Numbers,5th grade,Florida
    Multiply Fractions,Use Models to Multiply Fractions,5th grade,Florida
    Multiply Fractions,Multiply Fractions,5th grade,Florida
    Multiply Fractions,Find Areas of Rectangles,5th grade,Florida
    Multiply Fractions,Multiply Mixed Numbers,5th grade,Florida
    Divide Fractions,Interpret Fractions as Division,5th grade,Florida
    Divide Fractions,Mixed Numbers as Quotients,5th grade,Florida
    Divide Fractions,Divide Whole Numbers by Unit Fractions,5th grade,Florida
    Divide Fractions,Divide Unit Fractions by Whole Numbers,5th grade,Florida
    Divide Fractions,Problem Solving: Fraction Division,5th grade,Florida
    Convert and Display Units of Measure,Length in Metric Units,5th grade,Florida
    Convert and Display Units of Measure,Mass and Capacity in Metric Units,5th grade,Florida
    Convert and Display Units of Measure,Length in Customary Units,5th grade,Florida
    Convert and Display Units of Measure,Weight in Customary Units,5th grade,Florida
    Convert and Display Units of Measure,Capacity in Customary Units,5th grade,Florida
    Convert and Display Units of Measure,Problem Solving: Measurement,5th grade,Florida
    Understand the Coordinate Plane and Data,Plot Points in a Coordinate Plane,5th grade,Florida
    Understand the Coordinate Plane and Data,Graph Data,5th grade,Florida
    Understand the Coordinate Plane and Data,Make and Interpret Line Graphs,5th grade,Florida
    Understand the Coordinate Plane and Data,Represent Rules,5th grade,Florida
    Understand the Coordinate Plane and Data,Numerical Patterns,5th grade,Florida
    Understand the Coordinate Plane and Data,Make and Interpret Line Plots,5th grade,Florida
    Understand the Coordinate Plane and Data,Find Mean,5th grade,Florida
    Understand the Coordinate Plane and Data,"Find Median, Mode and Range",5th grade,Florida
    Understand Volume,Understand the Concept of Volume,5th grade,Florida
    Understand Volume,Find Volumes of Right Rectangular Prisms,5th grade,Florida
    Understand Volume,Apply the Volume Formula,5th grade,Florida
    Understand Volume,Find Unknown Dimensions,5th grade,Florida
    Understand Volume,Find Volumes of Composite Figures,5th grade,Florida
    Classify Two‑ and Three‑Dimensional Shapes,Classify Triangles,5th grade,Florida
    Classify Two‑ and Three‑Dimensional Shapes,Classify Quadrilaterals,5th grade,Florida
    Classify Two‑ and Three‑Dimensional Shapes,Relate Quadrilaterals,5th grade,Florida
    Classify Two‑ and Three‑Dimensional Shapes,Classify Prisms and Cylinders,5th grade,Florida
    Classify Two‑ and Three‑Dimensional Shapes,"Classify Pyramids, Cones and Spheres",5th grade,Florida
    Numerical Expressions and Factors, Powers and Exponents,6th grade,Florida
    Numerical Expressions and Factors, Order of Operations,6th grade,Florida
    Numerical Expressions and Factors, Properties of Operations,6th grade,Florida
    Numerical Expressions and Factors, Prime Factorization,6th grade,Florida
    Numerical Expressions and Factors, Greatest Common Factor,6th grade,Florida
    Numerical Expressions and Factors, Least Common Multiple,6th grade,Florida
    Fractions and Decimals, Adding and Subtracting Fractions,6th grade,Florida
    Fractions and Decimals, Multiplying Fractions,6th grade,Florida
    Fractions and Decimals, Dividing Fractions,6th grade,Florida
    Fractions and Decimals, Dividing Mixed Numbers,6th grade,Florida
    Fractions and Decimals, Adding and Subtracting Decimals,6th grade,Florida
    Fractions and Decimals, Multiplying Decimals,6th grade,Florida
    Fractions and Decimals, Dividing Decimals,6th grade,Florida
    Ratios and Rates, Ratios,6th grade,Florida
    Ratios and Rates, Using Tape Diagrams,6th grade,Florida
    Ratios and Rates, Using Ratio Tables,6th grade,Florida
    Ratios and Rates, Rates and Unit Rates,6th grade,Florida
    Ratios and Rates, Converting Measures within Systems,6th grade,Florida
    Percents, Percents and Fractions,6th grade,Florida
    Percents, Percents and Decimals,6th grade,Florida
    Percents," Comparing and Ordering Fractions, Decimals and Percents",6th grade,Florida
    Percents, Solving Percent Problems,6th grade,Florida
    "Integers, Number Lines and the Coordinate Plane", Integers,6th grade,Florida
    "Integers, Number Lines and the Coordinate Plane", Comparing and Ordering Integers,6th grade,Florida
    "Integers, Number Lines and the Coordinate Plane", Rational Numbers,6th grade,Florida
    "Integers, Number Lines and the Coordinate Plane", Absolute Value,6th grade,Florida
    "Integers, Number Lines and the Coordinate Plane", The Coordinate Plane,6th grade,Florida
    "Integers, Number Lines and the Coordinate Plane", Polygons in the Coordinate Plane,6th grade,Florida
    Operations with Integers, Adding Integers,6th grade,Florida
    Operations with Integers, Subtracting Integers,6th grade,Florida
    Operations with Integers, Multiplying Integers,6th grade,Florida
    Operations with Integers, Dividing Integers,6th grade,Florida
    Operations with Integers, Using Integer Operations,6th grade,Florida
    Algebraic Expressions and Properties, Algebraic Expressions,6th grade,Florida
    Algebraic Expressions and Properties, Writing Expressions,6th grade,Florida
    Algebraic Expressions and Properties, Writing Equivalent Expressions,6th grade,Florida
    Algebraic Expressions and Properties, Factoring Expressions,6th grade,Florida
    Equations and Inequalities, Writing Equations in One Variable,6th grade,Florida
    Equations and Inequalities, Finding Unknown Values in Equations,6th grade,Florida
    Equations and Inequalities, Solving Equations Using Addition or Subtraction,6th grade,Florida
    Equations and Inequalities, Solving Equations Using Multiplication or Division,6th grade,Florida
    Equations and Inequalities, Writing and Graphing Inequalities,6th grade,Florida
    "Area, Surface Area and Volume", Areas of Triangles,6th grade,Florida
    "Area, Surface Area and Volume", Areas of Quadrilaterals and Composite Figures,6th grade,Florida
    "Area, Surface Area and Volume", Three‑Dimensional Figures,6th grade,Florida
    "Area, Surface Area and Volume", Surface Areas of Rectangular Prisms,6th grade,Florida
    "Area, Surface Area and Volume", Surface Areas of Rectangular Pyramids,6th grade,Florida
    "Area, Surface Area and Volume", Volumes of Rectangular Prisms,6th grade,Florida
    Statistical Measures and Data Displays, Introduction to Statistics,6th grade,Florida
    Statistical Measures and Data Displays, Mean,6th grade,Florida
    Statistical Measures and Data Displays, Measures of Center,6th grade,Florida
    Statistical Measures and Data Displays, Measures of Variation,6th grade,Florida
    Statistical Measures and Data Displays, Histograms,6th grade,Florida
    Statistical Measures and Data Displays, Shapes of Distributions,6th grade,Florida
    Statistical Measures and Data Displays, Box‑and‑Whisker Plots,6th grade,Florida
    Exponents and Rational Numbers, Exponents,7th grade,Florida
    Exponents and Rational Numbers, Product of Powers Property,7th grade,Florida
    Exponents and Rational Numbers, Quotient of Powers Property,7th grade,Florida
    Exponents and Rational Numbers, Rational Numbers,7th grade,Florida
    Exponents and Rational Numbers, Rational Numbers and Exponents,7th grade,Florida
    Operations with Rational Numbers, Adding Rational Numbers,7th grade,Florida
    Operations with Rational Numbers, Subtracting Rational Numbers,7th grade,Florida
    Operations with Rational Numbers, Converting Between Fractions and Decimals,7th grade,Florida
    Operations with Rational Numbers, Multiplying Rational Numbers,7th grade,Florida
    Operations with Rational Numbers, Dividing Rational Numbers,7th grade,Florida
    Operations with Rational Numbers, Using Rational Number Operations,7th grade,Florida
    "Expressions, Equations and Inequalities", Algebraic Expressions,7th grade,Florida
    "Expressions, Equations and Inequalities", Adding and Subtracting Linear Expressions,7th grade,Florida
    "Expressions, Equations and Inequalities", Writing Equivalent Expressions,7th grade,Florida
    "Expressions, Equations and Inequalities", Solving One‑Step Equations,7th grade,Florida
    "Expressions, Equations and Inequalities", Solving Two‑Step Equations,7th grade,Florida
    "Expressions, Equations and Inequalities", Writing and Graphing Inequalities,7th grade,Florida
    "Expressions, Equations and Inequalities", Solving Inequalities Using Addition or Subtraction,7th grade,Florida
    "Expressions, Equations and Inequalities", Solving Inequalities Using Multiplication or Division,7th grade,Florida
    Ratios and Proportions, Ratios and Ratio Tables,7th grade,Florida
    Ratios and Proportions, Graphing Ratio Relationships,7th grade,Florida
    Ratios and Proportions, Rates and Unit Rates,7th grade,Florida
    Ratios and Proportions, Converting Measures between Systems,7th grade,Florida
    Ratios and Proportions, Identifying Proportional Relationships,7th grade,Florida
    Ratios and Proportions, Writing and Solving Proportions,7th grade,Florida
    Ratios and Proportions, Using Graphs of Proportional Relationships,7th grade,Florida
    Ratios and Proportions, Scale Drawings,7th grade,Florida
    Percents," Fractions, Decimals, and Percents",7th grade,Florida
    Percents, The Percent Proportion,7th grade,Florida
    Percents, The Percent Equation,7th grade,Florida
    Percents, Percents of Increase and Decrease,7th grade,Florida
    Percents, Discounts and Markups,7th grade,Florida
    Percents, Simple Interest,7th grade,Florida
    Probability and Data Displays, Probability,7th grade,Florida
    Probability and Data Displays, Experimental and Theoretical Probability,7th grade,Florida
    Probability and Data Displays, Circle Graphs,7th grade,Florida
    Probability and Data Displays, Choosing a Data Display,7th grade,Florida
    Statistics, Measures of Center and Variation,7th grade,Florida
    Statistics, Choosing Appropriate Measures,7th grade,Florida
    Statistics, Samples and Populations,7th grade,Florida
    Statistics, Comparing Populations,7th grade,Florida
    "Area, Surface Area and Volume", Areas of Parallelograms,7th grade,Florida
    "Area, Surface Area and Volume", Areas of Trapezoids and Other Polygons,7th grade,Florida
    "Area, Surface Area and Volume", Circles and Circumference,7th grade,Florida
    "Area, Surface Area and Volume", Areas of Circles,7th grade,Florida
    "Area, Surface Area and Volume", Perimeters and Areas of Composite Figures,7th grade,Florida
    "Area, Surface Area and Volume", Surface Areas of Cylinders,7th grade,Florida
    "Area, Surface Area and Volume", Volumes of Cylinders,7th grade,Florida
    Equations and Inequalities, Solving Simple Equations,8th grade,Florida
    Equations and Inequalities, Solving Multi‑Step Equations,8th grade,Florida
    Equations and Inequalities, Solving Equations with Variables on Both Sides,8th grade,Florida
    Equations and Inequalities, Solving One‑Step Inequalities,8th grade,Florida
    Equations and Inequalities, Solving Two‑Step Inequalities,8th grade,Florida
    Transformations, Translations,8th grade,Florida
    Transformations, Reflections,8th grade,Florida
    Transformations, Rotations,8th grade,Florida
    Transformations, Congruent Figures,8th grade,Florida
    Transformations, Dilations,8th grade,Florida
    Transformations, Similar Figures,8th grade,Florida
    Angles and Triangles, Triangle Inequality Theorem,8th grade,Florida
    Angles and Triangles, Finding Unknown Angle Measures,8th grade,Florida
    Angles and Triangles, Angles of Triangles,8th grade,Florida
    Angles and Triangles, Angles of Polygons,8th grade,Florida
    Angles and Triangles, Using Similar Triangles,8th grade,Florida
    Linear Equations and Linear Systems, Graphing Linear Equations,8th grade,Florida
    Linear Equations and Linear Systems, Slope of a Line,8th grade,Florida
    Linear Equations and Linear Systems, Graphing Proportional Relationships,8th grade,Florida
    Linear Equations and Linear Systems, Graphing Linear Equations in Slope‑Intercept Form,8th grade,Florida
    Linear Equations and Linear Systems, Writing Equations in Slope‑Intercept Form,8th grade,Florida
    Linear Equations and Linear Systems, Solving Systems of Linear Equations by Graphing,8th grade,Florida
    Linear Equations and Linear Systems, Solving Special Systems of Linear Equations,8th grade,Florida
    Statistics and Probability, Scatter Plots,8th grade,Florida
    Statistics and Probability, Lines of Fit,8th grade,Florida
    Statistics and Probability, Line Graphs,8th grade,Florida
    Statistics and Probability, Sample Spaces of Repeated Experiments,8th grade,Florida
    Statistics and Probability, Using Probabilities of Events,8th grade,Florida
    Functions, Relations and Functions,8th grade,Florida
    Functions, Representations of Functions,8th grade,Florida
    Functions, Linear Functions,8th grade,Florida
    Functions, Comparing Linear and Nonlinear Functions,8th grade,Florida
    Functions, Analyzing and Sketching Graphs,8th grade,Florida
    Exponents and Scientific Notation, Product of Powers Property,8th grade,Florida
    Exponents and Scientific Notation, Multiplying and Factoring Expressions,8th grade,Florida
    Exponents and Scientific Notation, Quotient of Powers Property,8th grade,Florida
    Exponents and Scientific Notation, Zero and Negative Exponents,8th grade,Florida
    Exponents and Scientific Notation, Estimating Quantities,8th grade,Florida
    Exponents and Scientific Notation, Scientific Notation,8th grade,Florida
    Exponents and Scientific Notation, Operations in Scientific Notation,8th grade,Florida
    Real Numbers and the Pythagorean Theorem, Finding Square Roots,8th grade,Florida
    Real Numbers and the Pythagorean Theorem, The Pythagorean Theorem,8th grade,Florida
    Real Numbers and the Pythagorean Theorem, Finding Cube Roots,8th grade,Florida
    Real Numbers and the Pythagorean Theorem, Rational Numbers,8th grade,Florida
    Real Numbers and the Pythagorean Theorem, Irrational Numbers,8th grade,Florida
    Real Numbers and the Pythagorean Theorem, The Converse of the Pythagorean Theorem,8th grade,Florida
    Solving Linear Equations, Solving Simple Equations,9th Grade,Florida
    Solving Linear Equations, Solving Multi‑Step Equations,9th Grade,Florida
    Solving Linear Equations, Solving Equations with Variables on Both Sides,9th Grade,Florida
    Solving Linear Equations, Solving Absolute Value Equations,9th Grade,Florida
    Solving Linear Equations, Rewriting Equations and Formulas,9th Grade,Florida
    Solving Linear Inequalities, Writing and Graphing Inequalities,9th Grade,Florida
    Solving Linear Inequalities, Solving Inequalities Using Addition or Subtraction,9th Grade,Florida
    Solving Linear Inequalities, Solving Inequalities Using Multiplication or Division,9th Grade,Florida
    Solving Linear Inequalities, Solving Multi‑Step Inequalities,9th Grade,Florida
    Solving Linear Inequalities, Solving Compound Inequalities,9th Grade,Florida
    Solving Linear Inequalities, Solving Absolute Value Inequalities,9th Grade,Florida
    Graphing Linear Functions, Functions,9th Grade,Florida
    Graphing Linear Functions, Characteristics of Functions,9th Grade,Florida
    Graphing Linear Functions, Linear Functions,9th Grade,Florida
    Graphing Linear Functions, Function Notation,9th Grade,Florida
    Graphing Linear Functions, Graphing Linear Equations in Standard Form,9th Grade,Florida
    Graphing Linear Functions, Graphing Linear Equations in Slope‑Intercept Form,9th Grade,Florida
    Graphing Linear Functions, Transformations of Linear Functions,9th Grade,Florida
    Graphing Linear Functions, Graphing Absolute Value Functions,9th Grade,Florida
    Writing Linear Functions, Writing Equations in Slope‑Intercept Form,9th Grade,Florida
    Writing Linear Functions, Writing Equations in Point‑Slope Form,9th Grade,Florida
    Writing Linear Functions, Writing Equations in Standard Form,9th Grade,Florida
    Writing Linear Functions, Writing Equations of Parallel and Perpendicular Lines,9th Grade,Florida
    Writing Linear Functions, Scatter Plots and Lines of Fit,9th Grade,Florida
    Writing Linear Functions, Analyzing Lines of Fit,9th Grade,Florida
    Writing Linear Functions, Modeling with Linear Functions,9th Grade,Florida
    Solving Systems of Linear Equations, Solving Systems by Graphing,9th Grade,Florida
    Solving Systems of Linear Equations, Solving Systems by Substitution,9th Grade,Florida
    Solving Systems of Linear Equations, Solving Systems by Elimination,9th Grade,Florida
    Solving Systems of Linear Equations, Solving Special Systems,9th Grade,Florida
    Solving Systems of Linear Equations, Solving Equations by Graphing,9th Grade,Florida
    Solving Systems of Linear Equations, Graphing Linear Inequalities in Two Variables,9th Grade,Florida
    Solving Systems of Linear Equations, Systems of Linear Inequalities,9th Grade,Florida
    Exponential Functions, Properties of Exponents,9th Grade,Florida
    Exponential Functions, Radicals and Rational Exponents,9th Grade,Florida
    Exponential Functions, Exponential Functions,9th Grade,Florida
    Exponential Functions, Exponential Growth and Decay,9th Grade,Florida
    Exponential Functions, Modeling with Exponential Functions,9th Grade,Florida
    Polynomial Equations and Factoring, Adding and Subtracting Polynomials,9th Grade,Florida
    Polynomial Equations and Factoring, Multiplying and Dividing Polynomials,9th Grade,Florida
    Polynomial Equations and Factoring, Special Products of Polynomials,9th Grade,Florida
    Polynomial Equations and Factoring, Solving Polynomial Equations in Factored Form,9th Grade,Florida
    Polynomial Equations and Factoring, Factoring x+bx+cx^ + bx + c,9th Grade,Florida
    Polynomial Equations and Factoring, Factoring ax+bx+cax^ + bx + c,9th Grade,Florida
    Polynomial Equations and Factoring, Factoring Special Products,9th Grade,Florida
    Polynomial Equations and Factoring, Factoring Polynomials Completely,9th Grade,Florida
    Graphing Quadratic Functions, Graphing f(x)=axf(x) = ax^,9th Grade,Florida
    Graphing Quadratic Functions, Graphing f(x)=ax+cf(x) = ax^ + c,9th Grade,Florida
    Graphing Quadratic Functions, Graphing f(x)=ax+bx+cf(x) = ax^ + bx + c,9th Grade,Florida
    Graphing Quadratic Functions, Graphing f(x)=a(x−h)+kf(x) = a(x − h)^ + k,9th Grade,Florida
    Graphing Quadratic Functions, Using Intercept Form,9th Grade,Florida
    Graphing Quadratic Functions, Identifying Function Types,9th Grade,Florida
    Graphing Quadratic Functions, Combining and Comparing Functions,9th Grade,Florida
    Graphing Quadratic Functions, Modeling with Quadratic Functions,9th Grade,Florida
    Solving Quadratic Equations, Properties of Radicals,9th Grade,Florida
    Solving Quadratic Equations, Solving Quadratic Equations by Graphing,9th Grade,Florida
    Solving Quadratic Equations, Solving Quadratic Equations Using Square Roots,9th Grade,Florida
    Solving Quadratic Equations, Solving Quadratic Equations by Completing the Square,9th Grade,Florida
    Solving Quadratic Equations, Solving Quadratic Equations Using the Quadratic Formula,9th Grade,Florida
    Data Analysis and Displays, Choosing a Data Display,9th Grade,Florida
    Data Analysis and Displays, Two‑Way Tables,9th Grade,Florida
    Data Analysis and Displays, Two‑Way Tables and Relative Frequencies,9th Grade,Florida
    Data Analysis and Displays, Making Inferences from Sample Surveys,9th Grade,Florida
    Linear Functions, Review of Linear Equations and Inequalities,10th Grade,Florida
    Linear Functions, Functions and Function Notation,10th Grade,Florida
    Linear Functions, Transformations of Linear Functions,10th Grade,Florida
    Linear Functions, Absolute Value Functions,10th Grade,Florida
    Linear Functions, Piecewise Functions,10th Grade,Florida
    Linear Functions, Modeling with Linear Functions,10th Grade,Florida
    Systems of Equations and Inequalities, Solving Systems by Graphing,10th Grade,Florida
    Systems of Equations and Inequalities, Solving Systems Algebraically,10th Grade,Florida
    Systems of Equations and Inequalities, Systems with Three Variables,10th Grade,Florida
    Systems of Equations and Inequalities, Systems of Inequalities,10th Grade,Florida
    Systems of Equations and Inequalities, Linear Programming,10th Grade,Florida
    Quadratic Functions and Equations,Properties of Parabolas,10th Grade,Florida
    Quadratic Functions and Equations, Quadratic Functions in Standard Form,10th Grade,Florida
    Quadratic Functions and Equations, Solving Quadratic Equations by Factoring,10th Grade,Florida
    Quadratic Functions and Equations, Completing the Square,10th Grade,Florida
    Quadratic Functions and Equations, The Quadratic Formula and Discriminant,10th Grade,Florida
    Quadratic Functions and Equations, Modeling with Quadratics,10th Grade,Florida
    Polynomial Functions, Operations with Polynomials,10th Grade,Florida
    Polynomial Functions, Polynomial Functions and Graphs,10th Grade,Florida
    Polynomial Functions, Factoring and Solving Polynomial Equations,10th Grade,Florida
    Polynomial Functions, Theorems about Roots,10th Grade,Florida
    Polynomial Functions, End Behavior and Turning Points,10th Grade,Florida
    Rational and Radical Functions, Rational Expressions and Functions,10th Grade,Florida
    Rational and Radical Functions, Operations with Rational Expressions,10th Grade,Florida
    Rational and Radical Functions, Solving Rational Equations,10th Grade,Florida
    Rational and Radical Functions, Radical Expressions and Functions,10th Grade,Florida
    Rational and Radical Functions, Solving Radical Equations,10th Grade,Florida
    Rational and Radical Functions, Function Operations and Composition,10th Grade,Florida
    Exponential and Logarithmic Functions, Exponential Functions and Their Graphs,10th Grade,Florida
    Exponential and Logarithmic Functions, Properties of Exponents,10th Grade,Florida
    Exponential and Logarithmic Functions, Logarithmic Functions and Their Graphs,10th Grade,Florida
    Exponential and Logarithmic Functions, Properties of Logarithms,10th Grade,Florida
    Exponential and Logarithmic Functions, Solving Exponential and Logarithmic Equations,10th Grade,Florida
    Exponential and Logarithmic Functions, Applications,10th Grade,Florida
    Sequences and Series, Arithmetic Sequences and Series,10th Grade,Florida
    Sequences and Series, Geometric Sequences and Series,10th Grade,Florida
    Sequences and Series, Recursive Formulas,10th Grade,Florida
    Sequences and Series, Mathematical Induction,10th Grade,Florida
    Probability and Statistics, Counting Principles,10th Grade,Florida
    Probability and Statistics, Probability Rules,10th Grade,Florida
    Probability and Statistics, Conditional Probability,10th Grade,Florida
    Probability and Statistics, Probability Distributions,10th Grade,Florida
    Probability and Statistics, Measures of Center and Spread,10th Grade,Florida
    Probability and Statistics, Data Analysis and Interpretation,10th Grade,Florida
    Trigonometric Functions, Angles and Radian Measure,10th Grade,Florida
    Trigonometric Functions, Trigonometric Functions and Their Graphs,10th Grade,Florida
    Trigonometric Functions, Inverse Trigonometric Functions,10th Grade,Florida
    Trigonometric Functions, Solving Trigonometric Equations,10th Grade,Florida
    Trigonometric Functions, Trigonometric Applications,10th Grade,Florida
    Additional Topics, Conic sections,10th Grade,Florida
    Additional Topics, Vectors,10th Grade,Florida
    Additional Topics, Matrices and Determinants,10th Grade,Florida
    Additional Topics, Complex Numbers,10th Grade,Florida
    Additional Topics, Additional Topics in Algebra,10th Grade,Florida
    Roman Numerals,Introduction to Roman Numerals,4th grade,ICSE
    Indian Numeration,System of Indian Place Value,4th grade,ICSE
    Calendar Calculations,"Calculate Days, Weeks, Leap Years",4th grade,ICSE
    Time,24-Hour Clock Format,4th grade,ICSE
    Unitary Method,Solving Problems Using Unitary Method,4th grade,ICSE
    Number Patterns,Exploring Number Series and Magic Squares,4th grade,ICSE
    Data Handling,Pictographs and Tally Marks,4th grade,ICSE
    Roman Numerals,Extended Roman Numerals,5th grade,ICSE
    Factors and Multiples,Sieve of Eratosthenes,5th grade,ICSE
    Unitary Method,Advanced Unitary Method Problems,5th grade,ICSE
    Calendar and Time,Elapsed Time in Minutes and Seconds,5th grade,ICSE
    Simplification,Use of BODMAS/PEMDAS,5th grade,ICSE
    Indian Currency,Word Problems Using Rupees and Paise,5th grade,ICSE
    Set Theory,"Sets, Notation, and Types",6th grade,ICSE
    Set Theory,"Union, Intersection, Complement, Subsets",6th grade,ICSE
    Set Theory,Venn Diagrams,6th grade,ICSE
    Fractions,Recurring/Non-Terminating Decimals,6th grade,ICSE
    Ratio and Proportion,Continued Proportion and Unitary Method Applications,6th grade,ICSE
    "Speed, Distance, Time",Solving Word Problems (using formulas),6th grade,ICSE
    Geometry,Construction of Angles Using Ruler and Compass,6th grade,ICSE
    Geometry,"Construction: Perpendiculars, Angle Bisectors, Triangles",6th grade,ICSE
    Perimeter & Area,"Generalization to Parallelogram, Rhombus, Trapezium",6th grade,ICSE
    Sets,"Operations: Union, Intersection, Complement (with Venn)",7th grade,ICSE
    Algebraic Identities,"(a+b)², (a–b)², a²–b²",7th grade,ICSE
    Factorization,Factorization of Algebraic Expressions,7th grade,ICSE
    Unitary Method,Advanced Applications,7th grade,ICSE
    Percentage,"Profit & Loss, Simple Interest, Discounts",7th grade,ICSE
    Averages,Weighted Mean,7th grade,ICSE
    Mensuration,"Area & Volume of Parallelogram, Trapezium",7th grade,ICSE
    Geometry,"Geometric Constructions: Bisectors, Triangles, Locus",7th grade,ICSE
    Data Handling,Median and Mode for Grouped Data,7th grade,ICSE
    Numeration,Systems: Conversion Between Indian & International,7th grade,ICSE
    Squares and Cubes,Division and Factorization Methods for Roots,8th grade,ICSE
    Factorization,By Grouping and Using Algebraic Identities,8th grade,ICSE
    Rational Numbers,Formal Representation and Operations,8th grade,ICSE
    Linear Equations,"Word Problems (age, mixtures, etc.)",8th grade,ICSE
    Compound Interest,"Interest, Successive Discounts, Installments",8th grade,ICSE
    Time and Work,Work Equivalence Problems,8th grade,ICSE
    Mensuration,"Surface Area/Volume of Sphere, Hemisphere, Cone",8th grade,ICSE
    Geometry,"Proof-Based Theorems (Midpoint, Congruence, Similarity, Pythagoras)",8th grade,ICSE
    Geometry,Formal Constructions: Tangent to Circle from Outside Point,8th grade,ICSE
    Statistics,"Cumulative Frequency, Mean/Median/Mode of Grouped Data",8th grade,ICSE
    Number Systems,Formal: Irrational & Real Numbers,9th grade,ICSE
    Factor and Remainder Theorem,Polynomials,9th grade,ICSE
    Geometry,"Euclidean Geometry (Axiomatic Approach, Proofs)",9th grade,ICSE
    Coordinate Geometry,Area of Triangle Using Determinants,9th grade,ICSE
    Quadrilaterals,Parallelogram Theorem Proofs,9th grade,ICSE
    Geometry,"Construction: Division of Line, Circle Tangents",9th grade,ICSE
    Statistics,"Cumulative Frequency, Histogram, Median from Graph",9th grade,ICSE
    Commercial Math,"GST, Banking, Shares & Dividends",9th grade,ICSE
    Commercial Math,"Goods and Service Tax, Banking, Shares, Dividends",10th grade,ICSE
    Loci,Loci and Their Properties,10th grade,ICSE
    Constructions,"Internal/External Division, Tangents, Geometric Locus",10th grade,ICSE
    Circle,"Theorems: Properties of Tangents, Alternate Segment, Chord Properties",10th grade,ICSE
    Mensuration,"Frustum of Cone, Combinations of Solids",10th grade,ICSE
    Geometry,Proof-Based Geometry (Theorems and Applications),10th grade,ICSE
    Statistics,"Median and Quartiles from Ogive, Cumulative Frequency Curve",10th grade,ICSE
    Estimation,Estimation of Results in Addition/Subtraction/Multiplication,4th grade,CBSE
    Patterns,"Repeating and Growing Patterns (Numbers, Shapes)",4th grade,CBSE
    Symmetry,Introduction to Symmetry and Reflection,4th grade,CBSE
    Division,Division as Grouping and Sharing,4th grade,CBSE
    Measurement,Perimeter by Counting Units,4th grade,CBSE
    Estimation,"Estimation in Real-Life Situations (Money, Length, Mass)",5th grade,CBSE
    Patterns,Pattern Completion and Creation (including Calendar Patterns),5th grade,CBSE
    Symmetry,Drawing Lines of Symmetry for 2D Figures,5th grade,CBSE
    Mapping,"Introduction to Maps, Directions, Scale Reading",5th grade,CBSE
    Angles,Estimating and Measuring Angles with Protractor,5th grade,CBSE
    Symmetry,Line and Rotational Symmetry (in depth),6th grade,CBSE
    Nets,Nets of 3D Shapes and Their Uses,6th grade,CBSE
    Practical Geometry,Construction of Special Angles without Protractor,6th grade,CBSE
    Data Handling,Chance and Probability (informal introduction),6th grade,CBSE
    Symmetry,Rotational Symmetry and Order of Symmetry,7th grade,CBSE
    Geometry,Visualization of 3D Shapes from Different Perspectives,7th grade,CBSE
    Mensuration,Comparing Perimeter and Area (General Reasoning),7th grade,CBSE
    Data Handling,Random Experiments and Experimental Probability,7th grade,CBSE
    Rational Numbers,Representing Rational Numbers on Number Line (advanced),7th grade,CBSE
    Geometry,"Transformations: Translation, Reflection, Rotation (practical approach)",8th grade,CBSE
    Visualizing Solid Shapes,"Viewing 3D Shapes from Different Faces, Shadows, Top-View/Front-View",8th grade,CBSE
    Mensuration,Volume and Surface Area of Combination of Solids,8th grade,CBSE
    Algebra,"Introduction to Quadrilaterals (mid-segment, properties)",8th grade,CBSE
    Geometry,Euler’s Line and Medians of Triangle,9th grade,CBSE
    Heron's Formula,Area of Triangle (using Heron's Formula),9th grade,CBSE
    Statistics,"Mean, Median, Mode for Ungrouped and Grouped Data (with direct method)",9th grade,CBSE
    Probability,Experimental (Empirical) Probability (hands-on emphasis),10th grade,CBSE
    Trigonometry,"Applications: Heights and Distances (contextual, map use)",10th grade,CBSE
    Coordinate Geometry,"Section Formula (Internal and External Division, no determinants)",10th grade,CBSE
    Constructions,Division of Line Segment in Given Ratio,10th grade,CBSE
    Constructions,Tangents to a Circle from an External Point (geometric approach),10th grade,CBSE
    Numbers and the Number System,Binary Numbers and Conversion,8th grade,IB
    Numbers and the Number System,Negative Indices (introduced early and in-depth),7th grade,IB
    Numbers and the Number System,"Scientific Notation (Standard Form, not just operations)",7th grade,IB
    Numbers and the Number System,Surds: Introduction and Simple Manipulation,8th grade,IB
    Sequences and Patterns,"General/Recursive Sequences, including Fibonacci and Other Recursives",7th grade,IB
    Geometry,Angle Properties in Polygons Beyond Triangles/Quadrilaterals (including Regular Polygons),7th grade,IB
    Geometry,Exterior and Interior Angles of Regular Polygons,8th grade,IB
    Geometry,"Angle at the Centre and Circumference (Circle Theorem, early)",8th grade,IB
    Geometry,"Reflection, Rotation, Enlargement (dilations with scale factor as ratio)",7th grade,IB
    Geometry,Tessellations and Their Construction,6th grade,IB
    Geometry,Construction and Properties of Nets of Solids (not just recognition),6th grade,IB
    Mensuration,"Area and Circumference of Semi-circles, Sectors, and Segments",7th grade,IB
    Mensuration,Arc Length and Area of Sector (detailed focus),8th grade,IB
    Mensuration,"Surface Area and Volume of Prisms other than Rectangular/Cuboid (e.g., triangular prism)",8th grade,IB
    Algebra,Algebraic Proofs and Formal Manipulation,8th grade,IB
    Algebra,Substitution with Formulae in Context,7th grade,IB
    Functions,"Mapping Diagrams, One-to-One and Many-to-One Functions (early intro)",8th grade,IB
    Statistics,"Stem-and-Leaf Plots (detailed, not just mention)",7th grade,IB
    Statistics,Time Series and Trend Analysis (intro at lower secondary),8th grade,IB
    Statistics,Scatter Graphs with Line of Best Fit (deep intro),8th grade,IB
    Numbers and the Number System,Set Notation and Interval Notation (formal),9th grade,IB
    Numbers and the Number System,Decimal Representation of Recurring Decimals,9th grade,IB
    Numbers and the Number System,Bounds and Rounding to Significant Figures,10th grade,IB
    Numbers and the Number System,"Percentile, Decile (detailed statistics)",10th grade,IB
    Algebra,Quadratic Inequalities (Solving and Graphing),10th grade,IB
    Algebra,Simultaneous Equations with One Linear and One Quadratic,10th grade,IB
    Algebra,Solving Equations Involving Fractions (Variable in Denominator),9th grade,IB
    Algebra,Graphing and Interpreting Inequalities on the Number Line,10th grade,IB
    Algebra,Function Notation f: x → expression (mapping),10th grade,IB
    Algebra,Composite and Inverse Functions (early introduction),10th grade,IB
    Algebra,Direct and Inverse Variation,10th grade,IB
    Algebra,"Transformations of Graphs: Vertical/Horizontal Translations, Stretches",10th grade,IB
    Mensuration,"Surface Area and Volume of Pyramids, Spheres, Cones (with Frustum), Compound Solids",10th grade,IB
    Geometry,"Geometrical Proof with Similarity and Congruence (at a deeper, more formal level than ICSE/CBSE)",10th grade,IB
    Geometry,Angle Properties in Cyclic Quadrilaterals,10th grade,IB
    Geometry,"Alternate Segment Theorem, Tangents from an External Point (IGCSE formal proof style)",10th grade,IB
    Vectors and Transformations,"Column Vectors and Vector Operations (addition, subtraction, scalar multiples, position vectors, geometric proofs)",10th grade,IB
    Transformations,Enlargements/Reductions with Negative Scale Factor,10th grade,IB
    Transformations,Combined Transformations (sequences of transformations),10th grade,IB
    Statistics,"Cumulative Frequency Curves, Box Plots, Percentiles, Interquartile Range",10th grade,IB
    Statistics,"Probability Trees, Independent and Dependent Events (Tree Diagrams)",10th grade,IB
    Statistics,Relative Frequency (as an estimate for probability),10th grade,IB
    Probability,"Conditional Probability, Mutually Exclusive, Independent Events",10th grade,IB
    Trigonometry,"Sine, Cosine Rule for Non-Right Triangles",10th grade,IB
    Trigonometry,Area of Triangle Using Sine Formula,10th grade,IB
    Trigonometry,"Graphs of Sine and Cosine Functions, Transformations of Trig Graphs",10th grade,IB
    Trigonometry,Bearings (measuring and problems),10th grade,IB
    Functions,"Domain and Range of Functions, Function Mapping Diagrams",10th grade,IB
    Sequences,General nth Term of Quadratic and Geometric Sequences,10th grade,IB
    Heuristics,"Use of Guess-and-Check, Act-it-Out, Make a Systematic List, Work Backwards, Simplify the Problem",4th grade,Singapore 
    Heuristics,"Before-After Concept, Constant-Total and Constant-Difference Methods",5th grade,Singapore 
    Heuristics,Repeated Identity and Changing Identity Methods,6th grade,Singapore 
    Model Drawing,"Bar Model Method for Word Problems (detailed, visual bar models for fractions/ratio/percent/whole)",4th grade,Singapore 
    Whole Numbers,"Order of Operations with Parentheses and Brackets (nested, complex)",4th grade,Singapore 
    Measurement,Area and Perimeter of Irregular Composite Figures (with missing pieces),5th grade,Singapore 
    Decimals,Multiplication and Division of Decimals by Decimals,5th grade,Singapore 
    Fraction Applications,"Fraction of a Set, Fraction as Operator",5th grade,Singapore 
    Ratio,Introduction to Part-Whole and Part-Part Ratio Problems,5th grade,Singapore 
    Speed,Average Speed Problems (with combined distances and times),6th grade,Singapore 
    Geometry,"Geometrical Properties of Nets (open/closed figures, hidden faces)",6th grade,Singapore 
    Algebra,Changing the Subject of the Formula (Rearranging Formulae),7th grade,Singapore 
    Number Patterns,"Generalisation of Patterns with Algebraic Expressions (nth term of more complex patterns, not just arithmetic/geometric)",7th grade,Singapore 
    Proportion,"Direct and Inverse Proportion (graphical and algebraic methods, more depth)",8th grade,Singapore 
    Mensuration,Surface Area and Volume of Composite 3D Solids (including real-life packaging problems),8th grade,Singapore 
    Statistics,"Comparison of Two Sets of Data Using Mean, Median, Mode (side-by-side box plot approach)",8th grade,Singapore 
    Algebra,"Use of Literal Coefficients in Formulae (e.g., ax + by = c, literal coefficients)",8th grade,Singapore 
    Probability,Probability of Complementary and Combined Events (using systematic listing and Venn Diagrams),8th grade,Singapore 
    Algebra,"Quadratic Completion (Completing the Square, detailed applications)",9th grade,Singapore 
    Algebra,Simultaneous Linear and Quadratic Inequalities (graphing and solution set),10th grade,Singapore 
    Algebra,Partial Fractions (decomposition for rational expressions),10th grade,Singapore 
    Graphs,"Linear, Quadratic, Cubic, and Rational Graphs—Analysis of Turning Points, Asymptotes",10th grade,Singapore 
    Trigonometry,Use of Radian Measure (not just degrees),10th grade,Singapore 
    Trigonometry,Solutions of Trigonometric Equations in a Given Interval,10th grade,Singapore 
    Trigonometry,"Use of Trigonometric Identities in Problem Solving (beyond basic identities, e.g., multiple/compound angles)",10th grade,Singapore 
    Vectors,"Use of Vectors in Proofs (parallelogram law, midpoint theorem, etc.)",10th grade,Singapore 
    Matrices,Inverse of a 2x2 Matrix and Solving Simultaneous Equations Using Matrices,10th grade,Singapore 
    Statistics,Cumulative Frequency Graphs for Comparison (comparing medians/interquartile ranges between distributions),10th grade,Singapore 
    Probability,Expected Value of a Discrete Random Variable,10th grade,Singapore 
    Probability,"Probability in Context (real-life complex scenarios, conditional probability trees)",10th grade,Singapore 
    Financial Literacy,Making Change with Canadian Currency,4th grade,Canada
    Financial Literacy,"Understanding Savings, Spending, Earning, and Budgeting",4th grade,Canada
    Financial Literacy,Simple Interest and Tax in Daily Life,5th grade,Canada
    Data Literacy,Interpret Infographics (multi-modal data displays),5th grade,Canada
    Social-Emotional Learning,"Positive Math Mindset, Perseverance, Collaboration in Math Tasks",5th grade,Canada
    Coding and Computational Thinking,"Predicting Results of Algorithms (Pseudo-Code, Flowcharts)",4th grade,Canada
    Coding and Computational Thinking,"Writing and Debugging Code for Simple Math Patterns (block coding, text coding)",5th grade,Canada
    Coding and Computational Thinking,Using Loops/Conditions to Solve Math Problems,6th grade,Canada
    Proportional Reasoning,"Reasoning with Ratios and Rates in Real-Life Contexts (cooking, maps, speed)",6th grade,Canada
    Spatial Sense,"Transformations: Flips, Slides, Turns with Concrete Manipulatives",4th grade,Canada
    Spatial Sense,Composing and Decomposing 2D and 3D Figures Using Technology,5th grade,Canada
    Financial Literacy,"Understanding Credit and Debt, Calculating Simple/Compound Interest",7th grade,Canada
    Financial Literacy,"Reading and Comparing Financial Offers (interest rates, terms, contracts)",8th grade,Canada
    Coding and Computational Thinking,"Creating and Testing Code for Math Simulations (variables, input/output, loops)",7th grade,Canada
    Coding and Computational Thinking,"Math Modeling Using Digital Tools (spreadsheets, graphing calculators)",8th grade,Canada
    Social-Emotional Learning,"Reflecting on Math Problem Solving Strategies (growth mindset, self-assessment)",7th grade,Canada
    Data Literacy,Analyzing Bias and Validity in Data Sources (real world and media),8th grade,Canada
    Data Literacy,Critical Interpretation of Media Graphs and Data Stories,8th grade,Canada
    Spatial Sense,3D Printing and Digital Construction of Shapes,7th grade,Canada
    Proportional Reasoning,"Solving Multi-Step Real-Life Ratio Problems (e.g., recipes, discounts)",7th grade,Canada
    Probability,"Simulating Probability with Technology (spinners, random number generators)",8th grade,Canada
    Financial Literacy,"Cost-Benefit Analysis and Decision Making (personal finance, consumer choices)",9th grade,Canada
    Financial Literacy,"Understanding Investing, Interest, Risk, and Taxes",10th grade,Canada
    Coding and Computational Thinking,Algorithmic Reasoning and Coding with Functions (Python or similar),9th grade,Canada
    Coding and Computational Thinking,Modeling Algebraic Relationships Using Code,10th grade,Canada
    Data Literacy,"Interpreting and Creating Dynamic Data Visualizations (interactive graphs, dashboards)",10th grade,Canada
    Social-Emotional Learning,Collaborative Math Problem Solving and Communication Skills,9th grade,Canada
    Social-Emotional Learning,Goal-Setting and Monitoring in Math,10th grade,Canada
    Mathematical Modelling,"Building, Validating, and Revising Mathematical Models (using digital tools and real-world data)",10th grade,Canada
    Mathematical Modelling,Using Math Models for Prediction and Analysis in Everyday Life,10th grade,Canada
    Spatial Reasoning,Folding/Unfolding Paper Cubes and Nets,4th grade,Kangaroo
    Pattern Recognition,"Visual Pattern Discovery (tiling, color, or counting)",4th grade,Kangaroo
    Logic Puzzles,Multi-step Reasoning: Who is Where?,4th grade,Kangaroo
    Geometric Dissection,Cutting/Rearranging Shapes (simple tangram style),4th grade,Kangaroo
    Non-Standard Units,Problems with Invented Units or Odd Rules,4th grade,Kangaroo
    Game Strategy,Nim and Take-Away Games (winning move discovery),5th grade,Kangaroo
    Parity & Invariants,Tiling/Coloring Odd/Even Analysis,5th grade,Kangaroo
    Unusual Number Bases,"Base-3, Base-5 Counting or Arithmetic",5th grade,Kangaroo
    Creative Word Problems,"Invented Math Contexts (zorks, quibbits, etc.)",5th grade,Kangaroo
    Spatial Reasoning,"Visualizing Rotations, Mirror Images, 3D Views",6th grade,Kangaroo
    Functional Thinking,Guessing Function Rules from Table/Pattern,6th grade,Kangaroo
    Counting Principles,Double Counting (count same object in two ways),6th grade,Kangaroo
    Disguised Algebra,Hidden Variable or Relationship in Puzzle Context,6th grade,Kangaroo
    Graph Theory,Counting Paths or Circuits in a Simple Network,7th grade,Kangaroo
    Tiling & Covering,Covering a Board with Dominoes/Trominoes,7th grade,Kangaroo
    Pigeonhole Principle,Simple Applications (must two things be alike?),7th grade,Kangaroo
    Logical Deduction,Truth-teller/Liar Type Multi-Condition Puzzle,7th grade,Kangaroo
    Motion & Paths,Path Tracing/Pursuit Problems on Grids/Diagrams,8th grade,Kangaroo
    Combinatorics,"Arrangements, Selections (not just “permutations”)",8th grade,Kangaroo
    Geometric Dissection,Cutting/Reassembling Area or Shape for a Goal,8th grade,Kangaroo
    Unusual Bases,Problems with Arithmetic in Non-Decimal Bases,8th grade,Kangaroo
    Game Theory,Strategy Games with Multiple Moves or States,9th grade,Kangaroo
    Parity Arguments,Complex Tiling or Coloring with Parity Analysis,9th grade,Kangaroo
    Functional Analysis,Identify Non-Standard Function Rules from Context,9th grade,Kangaroo
    Mathematical Paradoxes,Non-Intuitive/Paradoxical Math Scenarios,9th grade,Kangaroo
    Advanced Counting,"Pigeonhole, Inclusion-Exclusion Principle in Word Problems",9th grade,Kangaroo
    Graph Theory,"Eulerian Paths/Circuits, Planarity Arguments",10th grade,Kangaroo
    Combinatorial Optimization,Best/Worst-Case Analysis in Discrete Scenarios,10th grade,Kangaroo
    Advanced Logic,Puzzle with Several Layers of Deduction,10th grade,Kangaroo
    Probability in Games,Counting Winning/Equalizing Chances in Non-Standard Games,10th grade,Kangaroo
    Creative Problem Creation,Meta-Math: Inventing a Rule or Game from Examples,10th grade,Kangaroo
    Advanced Arithmetic,Clever Use of Remainders and Modular Arithmetic in Word Problems,6th grade,Math count
    Mental Math Tricks,"Unusual Decompositions, Estimation Shortcuts, “Look for the Trick”",6th grade,Math count
    Unit Conversion,Extreme/Tricky Conversions with Compound Units,6th grade,Math count
    Number Theory,Relatively Prime (Coprime) and Related GCD/LCM Problems,6th grade,Math count
    Arithmetic Sequences,Problems Blending Sequences with Remainder/Divisibility,6th grade,Math count
    Inclusion-Exclusion Principle,Simple Use in Counting Distinct/Overlapping Sets,6th grade,Math count
    Number Theory,Diophantine Equations in Integer Word Problems,7th grade,Math count
    Advanced Factorization,Problems with Large or Tricky Prime Factorizations,7th grade,Math count
    Modular Arithmetic,"Advanced Applications in Cycles, Clocks, Remainders",7th grade,Math count
    Counting Problems,Multistep “Stars and Bars”/Distribution Puzzles,7th grade,Math count
    Geometry,Angle Chasing with Inscribed/Exterior Angles Beyond Regular Curriculum,7th grade,Math count
    Probability,"Non-standard Dice/Spinner Probability, Overlapping Events",7th grade,Math count
    Combinatorial Geometry,Counting Paths or Arrangements in Lattices/Grids,7th grade,Math count
    Functional Equations,"Find All Functions Satisfying a Given Rule (nonlinear, recursion)",8th grade,Math count
    Inequalities,Unusual or Multi-Step Inequality Manipulation (not textbook style),8th grade,Math count
    Combinatorics,"Counting with Restrictions (e.g., no two adjacent, must skip certain objects)",8th grade,Math count
    Recursive Sequences,Problems Involving Recursively Defined Sequences (beyond basic recursion),8th grade,Math count
    Graph Theory,Shortest Path/Connectivity/Network Problems with Constraints,8th grade,Math count
    Logic Reasoning,Multi-variable Deduction in Real-World Scenarios,8th grade,Math count
    Algebra,"Non-Standard System of Equations (e.g., symmetric sums, parameter trick)",9th grade,Math count
    Polynomials,High-Degree or Nested Polynomial Evaluation,9th grade,Math count
    Geometry,Area/Length from Composite Figure using Multiple Theorems,9th grade,Math count
    Number Theory,Properties of Perfect/Amicable Numbers,9th grade,Math count
    Advanced Modular Arithmetic,"Chinese Remainder Theorem, Large Cycles",9th grade,Math count
    Advanced Counting,Multi-Stage “Casework” or “Constructive Counting” in Large Scenarios,10th grade,Math count
    Number Theory,"Cyclic Numbers, Euler’s Totient Function (φ), Orders of Numbers",10th grade,Math count
    Probability,Conditional Probability in Multi-Stage Experiments,10th grade,Math count
    Inequalities,"AM-GM Inequality, Cauchy-Schwarz Inequality Applications",10th grade,Math count
    Combinatorial Optimization,Maximum/Minimum Configurations in Counting or Geometry,10th grade,Math count
    Logical Reasoning,Multi-Step Grid or Elimination Logic,4th grade,MOEM E
    Arithmetic Tricks,Problems with Hidden Operations or Step Patterns,4th grade,MOEM E
    Visual Problem Solving,"Non-standard Diagrams, Odd Arrangements",4th grade,MOEM E
    Estimation,"Best/Worst-Case Scenarios, “Which Cannot Be?”",4th grade,MOEM E
    Consecutive Integers,"Sum/Product Properties, Odd/Even Chains",5th grade,MOEM E
    Unit Fraction Problems,Solutions Involving Egyptian Fractions or Unit Parts,5th grade,MOEM E
    Constructive Algorithms,"Find an Algorithm/Process, Not Just the Answer",5th grade,MOEM E
    Functional/Rule Discovery,Find or Invent a Rule from Output/Input Pairs,5th grade,MOEM E
    Systematic Listing,"All Possible Cases or Arrangements, Organized Systematically",6th grade,MOEM M
    Reverse Problem Solving,Work Backwards from Result to Input,6th grade,MOEM M
    Venn Diagram Puzzles,Non-Standard or Multi-Set Overlap Counting,6th grade,MOEM M
    Visual Dissections,"Counting Regions, Pieces, or Hidden Parts in Diagrams",6th grade,MOEM M
    Recursive Sequences,Recursively Defined Rules in Non-Standard Context,7th grade,MOEM M
    Advanced Inclusion-Exclusion,Counting with Multiple Overlaps/Conditions,7th grade,MOEM M
    Non-Decimal Representations,"Problems with Unusual Numeration Systems (base n, tally, etc.)",7th grade,MOEM M
    Parity Chains,Odd/Even Property Propagation Through Operations,7th grade,MOEM M
    Multiple Solution Problems,How Many Ways/How Many Solutions Exist?,8th grade,MOEM M
    Advanced Constructive Counting,Problems Requiring Building All Cases Under Restriction,8th grade,MOEM M
    Non-Standard Geometry,Counting/Properties Not Typically Taught in Geometry Units,8th grade,MOEM M
    Algorithmic Reasoning,Inventing or Recognizing Multi-Step Procedures,8th grade,MOEM M
    Integer Properties Problems,Number Puzzles Needing Deep Divisibility/Factor Chains,9th grade,MOEM M
    Meta-Logic/Meta-Counting,Reasoning About All Possible Cases for a Structure,10th grade,MOEM M
    Number Theory,"Problems on Order of Operations with Exponents, Especially with Negative Numbers",6th grade,AMC 8
    Divisibility Tests,"Rare “Trick” Divisibility Properties (e.g., casting out nines, digital roots)",6th grade,AMC 8
    Number Bases,"Conversion/Arithmetic in Unusual Bases (base-7, base-12, etc.)",6th grade,AMC 8
    Unit Fraction Sums,"Adding/Decomposing into Unit Fractions (Egyptian Fractions, partial sums)",6th grade,AMC 8
    Advanced Modular Arithmetic,"Problems with Remainders, Cyclicity in Modulo n, Including Chinese Remainder Theorem Lite",7th grade,AMC 8
    Diophantine Equations,"Problems Needing Integer Solutions, Systematically Searching for All Possibilities",7th grade,AMC 8
    Advanced Factorization,"Factoring Sums and Differences of Cubes, Higher Polynomials",7th grade,AMC 8
    Unusual Counting,Distribution of Objects into Distinct Bins with Restrictions (advanced casework),7th grade,AMC 8
    Classic Puzzle Problems,"Logic Grid Puzzles, “Fake Coin” Balance Scale Reasoning",7th grade,AMC 8
    Recurrence Relations,Non-Linear and Multi-Term Recursive Sequences,8th grade,AMC 8
    Geometry in the Coordinate Plane,"Complex Locus, Rotation, and Reflection with Proofs",8th grade,AMC 8
    Probability,"Circular Probability, Geometric Probability (using area/length)",8th grade,AMC 8
    Clever Area/Volume,"Problems with Subtraction of Regions, Inclusion-Exclusion in Geometry",8th grade,AMC 8
    Functional Equations,"Find Functions Satisfying Non-Standard Equations (e.g., f(f(x)) = …)",8th grade,AMC 8
    Algebraic Manipulation,"Non-Standard Rationalization, Nested Roots, and Expressions",9th grade,AMC 10
    Polynomial Remainder Theorem,Hardcore Applications and Remainder Questions,9th grade,AMC 10
    Geometry,"Advanced Circle Theorems (Power of a Point, Radical Axis, Simson Line)",9th grade,AMC 10
    Inversion,"Problems Using Geometric Inversion (rare, but AMC 10 includes these)",9th grade,AMC 10
    Combinatorics,Pigeonhole and Inclusion-Exclusion at Multi-Stage/Variable Level,9th grade,AMC 10
    Trigonometry,"Advanced Identities, Sums and Differences of Angles, Law of Sines and Cosines Applications",10th grade,AMC 10
    Algebra,Manipulating Sums of Roots of Polynomial Equations,10th grade,AMC 10
    Probability,Conditional Probability in Non-Standard Games or Arrangements,10th grade,AMC 10
    Geometry,"Brocard Points, Homothety, Advanced Transformations",10th grade,AMC 10
    Functional Equations,"Multiple Functional Equation Chains, Piecewise Solutions",10th grade,AMC 10
    Complex Numbers,"De Moivre’s Theorem, Roots of Unity (Contest Level)",10th grade,AMC 10
    Graph Theory,"Planarity, Euler’s Formula, and Advanced Path Counting",10th grade,AMC 10